wallet_id,score,transaction_frequency,total_volume,liquidation_events,collateral_ratio,protocol_interaction
0x0039f22efb07a647557c7c5d17854cfd6d489ef3,502,0,8549.214778133639,50,0.0010277492291880781,2
0x427f2ac5fdf4245e027d767e7c3ac272a1f40a65,194,0,44.441522508410074,30,0.01775147928994083,3
0x623af911f493747c216ad389c7805a37019c662d,224,0,1097.51736454,3,0.03571428571428571,1
0xa7f3c74f0255796fd5d3ddcf88db769f7a6bf46a,238,0,15411.348745265585,6,0.0045351473922902496,2
0xbd4a00764217c13a246f86db58d74541a0c3972a,220,1,31396.9536010002,3,0.0,0
0xf340b9f2098f80b86fbc5ede586c319473aa11f3,243,0,1585.0710595240353,7,0.002336448598130841,1 